"year (S)","title (S)","cast (S)","description (S)","rating (S)"
"2000","End","no one","Updated description","8"
"2000","End ","End","End","3"
"2009","Wrath of the titans","I don't know","Wrath and big dumb monsters","5"
"2012","End of the ************ world","Tom,Dickand also Harry","Still waiting for it as well","8"
"2013","End of the ******* world","Tom,Dickand also Harry","Still waiting for it as well","8"
"2015","The Big New Movie","Tom and Harry","Everything happens all at once.","7"
"2020","Ala Vaikuntapurramulo","Allu Arjun,Pooja Hegde,Murali Sharma","Sankranthi Winner","10"
"2020","End of the world","Update ahahaha","Updated Desc","8"
"2020","Hunting in the big horns","Updated cast again","Updated Description","1"
"2020","test","Updated test again","Updated test","2"
"2021","End of the world","Tom,Dick but no Harry","Still waiting for it","10"
"2050","End of the fucking world","Tom,Dick and also Harry","Still waiting for it, 2 years now","9.5"
